[
  {
    "type": "label",
    "name": "bot/question",
    "addLabel": "type/question",
    "removeLabel": "bot/question",
    "action": "close",
    "comment": "Please ask your question on [community.grafana.com/](https://community.grafana.com/). To avoid having your issue closed in the future, please read our [CONTRIBUTING](https://github.com/grafana/grafana/blob/main/CONTRIBUTING.md) guidelines.\n\nHappy graphing!"
  },
  {
    "type": "comment",
    "name": "duplicate",
    "allowUsers": [],
    "action": "updateLabels",
    "addLabel": "type/duplicate"
  },
  {
    "type": "label",
    "name": "bot/duplicate",
    "addLabel": "type/duplicate",
    "removeLabel": "bot/duplicate",
    "action": "close",
    "comment": "Thanks for creating this issue! It looks like this has already been reported by another user. We’ve closed this in favor of the existing one. Please consider adding any details you think is missing to that issue.\n\nTo avoid having your issue closed in the future, please read our [CONTRIBUTING](https://github.com/grafana/grafana/blob/main/CONTRIBUTING.md) guidelines.\n\nHappy graphing!"
  },
  {
    "type": "comment",
    "name": "needsMoreInfo",
    "allowUsers": [],
    "action": "updateLabels",
    "addLabel": "bot/needs more info"
  },
  {
    "type": "label",
    "name": "bot/needs more info",
    "action": "updateLabels",
    "addLabel": "needs more info",
    "removeLabel": "bot/needs more info",
    "comment": "Thanks for creating this issue! We think it's missing some basic information. \r\n\r\nFollow the issue template and add additional information that will help us replicate the problem. \r\nFor data visualization issues: \r\n- Query results from the inspect drawer (data tab & query inspector)\r\n- Panel settings can be extracted in the panel inspect drawer JSON tab\r\n\r\nFor dashboard related issues: \r\n- Dashboard JSON can be found in the dashboard settings JSON model view\r\n\r\nFor authentication, provisioning and alerting issues, Grafana server logs are useful. \r\n\r\nHappy graphing!"
  },
  {
    "type": "label",
    "name": "bot/no new info",
    "action": "close",
    "comment": "We've closed this issue since it needs more information and hasn't had any activity recently. We can re-open it after you you add more information. To avoid having your issue closed in the future, please read our [CONTRIBUTING](https://github.com/grafana/grafana/blob/main/CONTRIBUTING.md) guidelines.\n\nHappy graphing!"
  },
  {
    "type": "label",
    "name": "bot/close feature request",
    "action": "close",
    "addLabel": "not implemented",
    "comment": "This feature request has been open for a long time with few received upvotes or comments, so we are closing it. We're trying to limit open GitHub issues in order to better track planned work and features.  \r\n\r\nThis doesn't mean that we'll never ever implement it or that we will never accept a PR for it. A closed issue can still attract upvotes and act as a ticket to track feature demand\/interest. \r\n\r\nThank You to you for taking the time to create this issue!"
  }
]
