[
  {
    "type": "changedfiles",
    "matches": [
        "docs/**/*",
        "contribute/**/*"
    ],
    "action": "updateLabel",
    "addLabel": "type/docs"
  },
  {
    "type": "changedfiles",
    "matches": [
        "public/**/*",
        "packages/**/*",
        "e2e/**/*",
        "plugins-bundled/**/*",
        "scripts/build/release-packages.sh",
        "scripts/circle-release-next-packages.sh",
        "scripts/ci-frontend-metrics.sh",
        "scripts/grunt/**/*",
        "scripts/webpack/**/*",
        "package.json",
        "tsconfig.json",
        "lerna.json",
        ".babelrc",
        ".prettierrc.js",
        ".eslintrc",
        "**/*.mdx"
    ],
    "action": "updateLabel",
    "addLabel": "area/frontend"
  },
  {
    "type": "changedfiles",
    "matches": [
        "**/*.go",
        "go.mod",
        "go.sum",
        "contribute/style-guides/backend.md",
        "contribute/architecture/backend/**/*",
        "scripts/go/**/*"
    ],
    "action": "updateLabel",
    "addLabel": "area/backend"
  },
  {
    "type": "changedfiles",
    "matches": [
        "pkg/services/sqlstore/migrations/**/*",
        "**/*_mig.go"
    ],
    "action": "updateLabel",
    "addLabel": "area/backend/db/migration"
  },
  {
    "type": "changedfiles",
    "matches": [ "public/app/features/explore/**/*"],
    "action": "updateLabel",
    "addLabel": "area/explore"
  },
  {
    "type": "changedfiles",
    "matches": [
      ".circleci/**/*",
      "packaging/**/*",
      "scripts/build/**/*",
      "scripts/*.sh",
      "Makefile",
      "Dockerfile",
      "Dockerfile.ubuntu"
    ],
    "action": "updateLabel",
    "addLabel": "type/build-packaging"
  },
  {
    "type": "changedfiles",
    "matches": [
      "scripts/*.star",
      ".drone.star",
      ".drone.yml"
    ],
    "action": "updateLabel",
    "addLabel": "type/ci"
  },
  {
    "type": "changedfiles",
    "matches": [ "public/app/plugins/datasource/grafana-azure-monitor-datasource/**/*", "pkg/tsdb/azuremonitor/**/*"],
    "action": "updateLabel",
    "addLabel": "datasource/Azure"
  },
  {
    "type": "changedfiles",
    "matches": [ "public/app/plugins/datasource/cloud-monitoring/**/*", "pkg/tsdb/cloudmonitoring/**/*"],
    "action": "updateLabel",
    "addLabel": "datasource/GoogleCloudMonitoring"
  },
  {
    "type": "changedfiles",
    "matches": [ "public/app/plugins/datasource/cloudwatch/**/*", "pkg/tsdb/cloudwatch/**/*"],
    "action": "updateLabel",
    "addLabel": "datasource/CloudWatch"
  },
  {
    "type": "changedfiles",
    "matches": [ "public/app/plugins/datasource/elasticsearch/**/*", "pkg/tsdb/elasticsearch/**/*"],
    "action": "updateLabel",
    "addLabel": "datasource/Elasticsearch"
  },
  {
    "type": "changedfiles",
    "matches": [ "public/app/plugins/datasource/graphite/**/*", "pkg/tsdb/graphite/**/*"],
    "action": "updateLabel",
    "addLabel": "datasource/Graphite"
  },
  {
    "type": "changedfiles",
    "matches": [ "public/app/plugins/datasource/influxdb/**/*", "pkg/tsdb/influx/**/*"],
    "action": "updateLabel",
    "addLabel": "datasource/InfluxDB"
  },
  {
    "type": "changedfiles",
    "matches": [ "public/app/plugins/datasource/jaeger"],
    "action": "updateLabel",
    "addLabel": "datasource/Jaeger"
  },
  {
    "type": "changedfiles",
    "matches": [ "public/app/plugins/datasource/loki/**/*", "pkg/tsdb/loki/**/*"],
    "action": "updateLabel",
    "addLabel": "datasource/Loki"
  },
  {
    "type": "changedfiles",
    "matches": [ "public/app/plugins/datasource/mssql/**/*", "pkg/tsdb/mssql/**/*"],
    "action": "updateLabel",
    "addLabel": "datasource/MSSQL"
  },
  {
    "type": "changedfiles",
    "matches": [ "public/app/plugins/datasource/mysql/**/*", "pkg/tsdb/mysql/**/*"],
    "action": "updateLabel",
    "addLabel": "datasource/MySQL"
  },
  {
    "type": "changedfiles",
    "matches": [ "public/app/plugins/datasource/opentsdb/**/*", "pkg/tsdb/opentsdb/**/*"],
    "action": "updateLabel",
    "addLabel": "datasource/OpenTSDB"
  },
  {
    "type": "changedfiles",
    "matches": [ "public/app/plugins/datasource/postgres/**/*", "pkg/tsdb/postgres/**/*"],
    "action": "updateLabel",
    "addLabel": "datasource/Postgres"
  },
  {
    "type": "changedfiles",
    "matches": [ "public/app/plugins/datasource/prometheus/**/*", "pkg/tsdb/prometheus/**/*"],
    "action": "updateLabel",
    "addLabel": "datasource/Prometheus"
  },
  {
    "type": "changedfiles",
    "matches": [ "public/app/plugins/datasource/tempo/**/*", "pkg/tsdb/tempo/**/*"],
    "action": "updateLabel",
    "addLabel": "datasource/Tempo"
  },
  {
    "type": "changedfiles",
    "matches": [ "public/app/plugins/datasource/zipkin/**/*"],
    "action": "updateLabel",
    "addLabel": "datasource/Zipkin"
  },
  {
    "type": "changedfiles",
    "matches": ["public/app/features/variables/**/*", "public/app/features/templating/**/*"],
    "action": "updateLabel",
    "addLabel": "area/dashboard/templating"
  },
  {
    "type": "author",
    "name": "pr/external",
    "notMemberOf": { "org": "grafana" },
    "action": "updateLabel",
    "addLabel": "pr/external"
  }
]
